<?xml version='1.0' encoding='UTF-8'?>
<metadata>

<additionalName><date>25-6-2009</date><format>bytestream</format><name>nl_1921.dbf</name><size>86196</size></additionalName>

<additionalName><date>25-6-2009</date><format>bytestream</format><name>nl_1921.sbn</name><size>11948</size></additionalName>

<additionalName><date>25-6-2009</date><format>bytestream</format><name>nl_1921.sbx</name><size>1100</size></additionalName>

<additionalName><date>25-6-2009</date><format>bytestream</format><name>nl_1921.shp</name><size>516312</size></additionalName>

<additionalName><date>25-6-2009</date><format>bytestream</format><name>nl_1921.shx</name><size>8924</size></additionalName>

<additionalName><date>25-6-2009</date><format>bytestream</format><name>nl_1922.dbf</name><size>85728</size></additionalName>

<additionalName><date>25-6-2009</date><format>bytestream</format><name>nl_1922.sbn</name><size>11900</size></additionalName>

<additionalName><date>25-6-2009</date><format>bytestream</format><name>nl_1922.sbx</name><size>1100</size></additionalName>

<additionalName><date>25-6-2009</date><format>bytestream</format><name>nl_1922.shp</name><size>515096</size></additionalName>

<additionalName><date>25-6-2009</date><format>bytestream</format><name>nl_1922.shx</name><size>8876</size></additionalName>

<additionalName><date>25-6-2009</date><format>bytestream</format><name>nl_1923.dbf</name><size>85416</size></additionalName>

<additionalName><date>25-6-2009</date><format>bytestream</format><name>nl_1923.sbn</name><size>11868</size></additionalName>

<additionalName><date>25-6-2009</date><format>bytestream</format><name>nl_1923.sbx</name><size>1100</size></additionalName>

<additionalName><date>25-6-2009</date><format>bytestream</format><name>nl_1923.shp</name><size>514360</size></additionalName>

<additionalName><date>25-6-2009</date><format>bytestream</format><name>nl_1923.shx</name><size>8844</size></additionalName>

<additionalName><date>25-6-2009</date><format>bytestream</format><name>nl_1924.dbf</name><size>84636</size></additionalName>

<additionalName><date>25-6-2009</date><format>bytestream</format><name>nl_1924.sbn</name><size>11788</size></additionalName>

<additionalName><date>25-6-2009</date><format>bytestream</format><name>nl_1924.sbx</name><size>1100</size></additionalName>

<additionalName><date>25-6-2009</date><format>bytestream</format><name>nl_1924.shp</name><size>511776</size></additionalName>

<additionalName><date>25-6-2009</date><format>bytestream</format><name>nl_1924.shx</name><size>8764</size></additionalName>

<additionalName><date>25-6-2009</date><format>bytestream</format><name>nl_1925.dbf</name><size>84558</size></additionalName>

<additionalName><date>25-6-2009</date><format>bytestream</format><name>nl_1925.sbn</name><size>11780</size></additionalName>

<additionalName><date>25-6-2009</date><format>bytestream</format><name>nl_1925.sbx</name><size>1100</size></additionalName>

<additionalName><date>25-6-2009</date><format>bytestream</format><name>nl_1925.shp</name><size>511396</size></additionalName>

<additionalName><date>25-6-2009</date><format>bytestream</format><name>nl_1925.shx</name><size>8756</size></additionalName>

<additionalName><date>25-6-2009</date><format>bytestream</format><name>nl_1926.dbf</name><size>84480</size></additionalName>

<additionalName><date>25-6-2009</date><format>bytestream</format><name>nl_1926.sbn</name><size>11772</size></additionalName>

<additionalName><date>25-6-2009</date><format>bytestream</format><name>nl_1926.sbx</name><size>1100</size></additionalName>

<additionalName><date>25-6-2009</date><format>bytestream</format><name>nl_1926.shp</name><size>511036</size></additionalName>

<additionalName><date>25-6-2009</date><format>bytestream</format><name>nl_1926.shx</name><size>8748</size></additionalName>

<additionalName><date>25-6-2009</date><format>bytestream</format><name>nl_1927.dbf</name><size>84480</size></additionalName>

<additionalName><date>25-6-2009</date><format>bytestream</format><name>nl_1927.sbn</name><size>11772</size></additionalName>

<additionalName><date>25-6-2009</date><format>bytestream</format><name>nl_1927.sbx</name><size>1100</size></additionalName>

<additionalName><date>25-6-2009</date><format>bytestream</format><name>nl_1927.shp</name><size>510908</size></additionalName>

<additionalName><date>25-6-2009</date><format>bytestream</format><name>nl_1927.shx</name><size>8748</size></additionalName>

<additionalName><date>25-6-2009</date><format>bytestream</format><name>nl_1928.dbf</name><size>84324</size></additionalName>

<additionalName><date>25-6-2009</date><format>bytestream</format><name>nl_1928.sbn</name><size>11756</size></additionalName>

<additionalName><date>25-6-2009</date><format>bytestream</format><name>nl_1928.sbx</name><size>1100</size></additionalName>

<additionalName><date>25-6-2009</date><format>bytestream</format><name>nl_1928.shp</name><size>511228</size></additionalName>

<additionalName><date>25-6-2009</date><format>bytestream</format><name>nl_1928.shx</name><size>8732</size></additionalName>

<additionalName><date>25-6-2009</date><format>bytestream</format><name>nl_1929.dbf</name><size>84324</size></additionalName>

<additionalName><date>25-6-2009</date><format>bytestream</format><name>nl_1929.sbn</name><size>11756</size></additionalName>

<additionalName><date>25-6-2009</date><format>bytestream</format><name>nl_1929.sbx</name><size>1100</size></additionalName>

<additionalName><date>25-6-2009</date><format>bytestream</format><name>nl_1929.shp</name><size>511228</size></additionalName>

<additionalName><date>25-6-2009</date><format>bytestream</format><name>nl_1929.shx</name><size>8732</size></additionalName>

<additionalName><date>25-6-2009</date><format>bytestream</format><name>nl_1930.dbf</name><size>84246</size></additionalName>

<additionalName><date>25-6-2009</date><format>bytestream</format><name>nl_1930.sbn</name><size>11748</size></additionalName>

<additionalName><date>25-6-2009</date><format>bytestream</format><name>nl_1930.sbx</name><size>1100</size></additionalName>

<additionalName><date>25-6-2009</date><format>bytestream</format><name>nl_1930.shp</name><size>510788</size></additionalName>

<additionalName><date>25-6-2009</date><format>bytestream</format><name>nl_1930.shx</name><size>8724</size></additionalName>

<additionalName><date>25-6-2009</date><format>bytestream</format><name>nl_1931.dbf</name><size>84246</size></additionalName>

<additionalName><date>25-6-2009</date><format>bytestream</format><name>nl_1931.sbn</name><size>11748</size></additionalName>

<additionalName><date>25-6-2009</date><format>bytestream</format><name>nl_1931.sbx</name><size>1100</size></additionalName>

<additionalName><date>25-6-2009</date><format>bytestream</format><name>nl_1931.shp</name><size>510756</size></additionalName>

<additionalName><date>25-6-2009</date><format>bytestream</format><name>nl_1931.shx</name><size>8724</size></additionalName>

<additionalName><date>25-6-2009</date><format>bytestream</format><name>nl_1932.dbf</name><size>84168</size></additionalName>

<additionalName><date>25-6-2009</date><format>bytestream</format><name>nl_1932.sbn</name><size>11740</size></additionalName>

<additionalName><date>25-6-2009</date><format>bytestream</format><name>nl_1932.sbx</name><size>1100</size></additionalName>

<additionalName><date>25-6-2009</date><format>bytestream</format><name>nl_1932.shp</name><size>510428</size></additionalName>

<additionalName><date>25-6-2009</date><format>bytestream</format><name>nl_1932.shx</name><size>8716</size></additionalName>

<additionalName><date>25-6-2009</date><format>bytestream</format><name>nl_1933.dbf</name><size>84090</size></additionalName>

<additionalName><date>25-6-2009</date><format>bytestream</format><name>nl_1933.sbn</name><size>11732</size></additionalName>

<additionalName><date>25-6-2009</date><format>bytestream</format><name>nl_1933.sbx</name><size>1100</size></additionalName>

<additionalName><date>25-6-2009</date><format>bytestream</format><name>nl_1933.shp</name><size>510420</size></additionalName>

<additionalName><date>25-6-2009</date><format>bytestream</format><name>nl_1933.shx</name><size>8708</size></additionalName>

<additionalName><date>25-6-2009</date><format>bytestream</format><name>nl_1934.dbf</name><size>84090</size></additionalName>

<additionalName><date>25-6-2009</date><format>bytestream</format><name>nl_1934.sbn</name><size>11732</size></additionalName>

<additionalName><date>25-6-2009</date><format>bytestream</format><name>nl_1934.sbx</name><size>1100</size></additionalName>

<additionalName><date>25-6-2009</date><format>bytestream</format><name>nl_1934.shp</name><size>510308</size></additionalName>

<additionalName><date>25-6-2009</date><format>bytestream</format><name>nl_1934.shx</name><size>8708</size></additionalName>

<additionalName><date>25-6-2009</date><format>bytestream</format><name>nl_1935.dbf</name><size>83622</size></additionalName>

<additionalName><date>25-6-2009</date><format>bytestream</format><name>nl_1935.sbn</name><size>11668</size></additionalName>

<additionalName><date>25-6-2009</date><format>bytestream</format><name>nl_1935.sbx</name><size>1084</size></additionalName>

<additionalName><date>25-6-2009</date><format>bytestream</format><name>nl_1935.shp</name><size>508272</size></additionalName>

<additionalName><date>25-6-2009</date><format>bytestream</format><name>nl_1935.shx</name><size>8660</size></additionalName>

<additionalName><date>25-6-2009</date><format>bytestream</format><name>nl_1936.dbf</name><size>83154</size></additionalName>

<additionalName><date>25-6-2009</date><format>bytestream</format><name>nl_1936.sbn</name><size>11620</size></additionalName>

<additionalName><date>25-6-2009</date><format>bytestream</format><name>nl_1936.sbx</name><size>1084</size></additionalName>

<additionalName><date>25-6-2009</date><format>bytestream</format><name>nl_1936.shp</name><size>507056</size></additionalName>

<additionalName><date>25-6-2009</date><format>bytestream</format><name>nl_1936.shx</name><size>8612</size></additionalName>

<additionalName><date>25-6-2009</date><format>bytestream</format><name>nl_1937.dbf</name><size>82530</size></additionalName>

<additionalName><date>25-6-2009</date><format>bytestream</format><name>nl_1937.sbn</name><size>11556</size></additionalName>

<additionalName><date>25-6-2009</date><format>bytestream</format><name>nl_1937.sbx</name><size>1084</size></additionalName>

<additionalName><date>25-6-2009</date><format>bytestream</format><name>nl_1937.shp</name><size>504940</size></additionalName>

<additionalName><date>25-6-2009</date><format>bytestream</format><name>nl_1937.shx</name><size>8548</size></additionalName>

<additionalName><date>25-6-2009</date><format>bytestream</format><name>nl_1938.dbf</name><size>82530</size></additionalName>

<additionalName><date>25-6-2009</date><format>bytestream</format><name>nl_1938.sbn</name><size>11556</size></additionalName>

<additionalName><date>25-6-2009</date><format>bytestream</format><name>nl_1938.sbx</name><size>1084</size></additionalName>

<additionalName><date>25-6-2009</date><format>bytestream</format><name>nl_1938.shp</name><size>505600</size></additionalName>

<additionalName><date>25-6-2009</date><format>bytestream</format><name>nl_1938.shx</name><size>8548</size></additionalName>

<additionalName><date>25-6-2009</date><format>bytestream</format><name>nl_1939.dbf</name><size>82374</size></additionalName>

<additionalName><date>25-6-2009</date><format>bytestream</format><name>nl_1939.sbn</name><size>11540</size></additionalName>

<additionalName><date>25-6-2009</date><format>bytestream</format><name>nl_1939.sbx</name><size>1084</size></additionalName>

<additionalName><date>25-6-2009</date><format>bytestream</format><name>nl_1939.shp</name><size>505168</size></additionalName>

<additionalName><date>25-6-2009</date><format>bytestream</format><name>nl_1939.shx</name><size>8532</size></additionalName>

<additionalName><date>25-6-2009</date><format>bytestream</format><name>nl_1940.dbf</name><size>82374</size></additionalName>

<additionalName><date>25-6-2009</date><format>bytestream</format><name>nl_1940.sbn</name><size>11540</size></additionalName>

<additionalName><date>25-6-2009</date><format>bytestream</format><name>nl_1940.sbx</name><size>1084</size></additionalName>

<additionalName><date>25-6-2009</date><format>bytestream</format><name>nl_1940.shp</name><size>505136</size></additionalName>

<additionalName><date>25-6-2009</date><format>bytestream</format><name>nl_1940.shx</name><size>8532</size></additionalName>

<additionalName><date>25-6-2009</date><format>bytestream</format><name>nl_1941.dbf</name><size>82062</size></additionalName>

<additionalName><date>25-6-2009</date><format>bytestream</format><name>nl_1941.sbn</name><size>11508</size></additionalName>

<additionalName><date>25-6-2009</date><format>bytestream</format><name>nl_1941.sbx</name><size>1084</size></additionalName>

<additionalName><date>25-6-2009</date><format>bytestream</format><name>nl_1941.shp</name><size>503684</size></additionalName>

<additionalName><date>25-6-2009</date><format>bytestream</format><name>nl_1941.shx</name><size>8500</size></additionalName>

<additionalName><date>25-6-2009</date><format>bytestream</format><name>nl_1942.dbf</name><size>80814</size></additionalName>

<additionalName><date>25-6-2009</date><format>bytestream</format><name>nl_1942.sbn</name><size>11380</size></additionalName>

<additionalName><date>25-6-2009</date><format>bytestream</format><name>nl_1942.sbx</name><size>1084</size></additionalName>

<additionalName><date>25-6-2009</date><format>bytestream</format><name>nl_1942.shp</name><size>499268</size></additionalName>

<additionalName><date>25-6-2009</date><format>bytestream</format><name>nl_1942.shx</name><size>8372</size></additionalName>

<additionalName><date>25-6-2009</date><format>bytestream</format><name>nl_1943.dbf</name><size>79410</size></additionalName>

<additionalName><date>25-6-2009</date><format>bytestream</format><name>nl_1943.sbn</name><size>9828</size></additionalName>

<additionalName><date>25-6-2009</date><format>bytestream</format><name>nl_1943.sbx</name><size>692</size></additionalName>

<additionalName><date>25-6-2009</date><format>bytestream</format><name>nl_1943.shp</name><size>495072</size></additionalName>

<additionalName><date>25-6-2009</date><format>bytestream</format><name>nl_1943.shx</name><size>8228</size></additionalName>

<additionalName><date>25-6-2009</date><format>bytestream</format><name>nl_1944.dbf</name><size>79410</size></additionalName>

<additionalName><date>25-6-2009</date><format>bytestream</format><name>nl_1944.sbn</name><size>9828</size></additionalName>

<additionalName><date>25-6-2009</date><format>bytestream</format><name>nl_1944.sbx</name><size>692</size></additionalName>

<additionalName><date>25-6-2009</date><format>bytestream</format><name>nl_1944.shp</name><size>494732</size></additionalName>

<additionalName><date>25-6-2009</date><format>bytestream</format><name>nl_1944.shx</name><size>8228</size></additionalName>

<additionalName><date>25-6-2009</date><format>bytestream</format><name>nl_1945.dbf</name><size>79410</size></additionalName>

<additionalName><date>25-6-2009</date><format>bytestream</format><name>nl_1945.sbn</name><size>9828</size></additionalName>

<additionalName><date>25-6-2009</date><format>bytestream</format><name>nl_1945.sbx</name><size>692</size></additionalName>

<additionalName><date>25-6-2009</date><format>bytestream</format><name>nl_1945.shp</name><size>494504</size></additionalName>

<additionalName><date>25-6-2009</date><format>bytestream</format><name>nl_1945.shx</name><size>8228</size></additionalName>

<additionalName><date>25-6-2009</date><format>bytestream</format><name>nl_1946.dbf</name><size>79410</size></additionalName>

<additionalName><date>25-6-2009</date><format>bytestream</format><name>nl_1946.sbn</name><size>9828</size></additionalName>

<additionalName><date>25-6-2009</date><format>bytestream</format><name>nl_1946.sbx</name><size>692</size></additionalName>

<additionalName><date>25-6-2009</date><format>bytestream</format><name>nl_1946.shp</name><size>494504</size></additionalName>

<additionalName><date>25-6-2009</date><format>bytestream</format><name>nl_1946.shx</name><size>8228</size></additionalName>

<additionalName><date>25-6-2009</date><format>bytestream</format><name>nl_1947.dbf</name><size>79410</size></additionalName>

<additionalName><date>25-6-2009</date><format>bytestream</format><name>nl_1947.sbn</name><size>9828</size></additionalName>

<additionalName><date>25-6-2009</date><format>bytestream</format><name>nl_1947.sbx</name><size>692</size></additionalName>

<additionalName><date>25-6-2009</date><format>bytestream</format><name>nl_1947.shp</name><size>494504</size></additionalName>

<additionalName><date>25-6-2009</date><format>bytestream</format><name>nl_1947.shx</name><size>8228</size></additionalName>

<additionalName><date>25-6-2009</date><format>bytestream</format><name>nl_1948.dbf</name><size>79410</size></additionalName>

<additionalName><date>25-6-2009</date><format>bytestream</format><name>nl_1948.sbn</name><size>9828</size></additionalName>

<additionalName><date>25-6-2009</date><format>bytestream</format><name>nl_1948.sbx</name><size>692</size></additionalName>

<additionalName><date>25-6-2009</date><format>bytestream</format><name>nl_1948.shp</name><size>494504</size></additionalName>

<additionalName><date>25-6-2009</date><format>bytestream</format><name>nl_1948.shx</name><size>8228</size></additionalName>

<additionalName><date>25-6-2009</date><format>bytestream</format><name>nl_1949.dbf</name><size>79332</size></additionalName>

<additionalName><date>25-6-2009</date><format>bytestream</format><name>nl_1949.sbn</name><size>9820</size></additionalName>

<additionalName><date>25-6-2009</date><format>bytestream</format><name>nl_1949.sbx</name><size>692</size></additionalName>

<additionalName><date>25-6-2009</date><format>bytestream</format><name>nl_1949.shp</name><size>494304</size></additionalName>

<additionalName><date>25-6-2009</date><format>bytestream</format><name>nl_1949.shx</name><size>8220</size></additionalName>

<additionalName><date>25-6-2009</date><format>bytestream</format><name>nl_1950.dbf</name><size>79332</size></additionalName>

<additionalName><date>25-6-2009</date><format>bytestream</format><name>nl_1950.sbn</name><size>9820</size></additionalName>

<additionalName><date>25-6-2009</date><format>bytestream</format><name>nl_1950.sbx</name><size>692</size></additionalName>

<additionalName><date>25-6-2009</date><format>bytestream</format><name>nl_1950.shp</name><size>494880</size></additionalName>

<additionalName><date>25-6-2009</date><format>bytestream</format><name>nl_1950.shx</name><size>8220</size></additionalName>
</metadata>
